{"cameraMode":{"drawMode":0,"name":"Shaded","section":"Shading Mode"},"sceneLighting":false,"audioPlay":false,"sceneViewState":{"m_AlwaysRefresh":false,"showFog":true,"showSkybox":true,"showFlares":true,"showImageEffects":true,"showParticleSystems":true,"showVisualEffectGraphs":true,"m_FxEnabled":true},"in2DMode":false,"pivot":{"x":15.991748809814454,"y":3.7110157012939455,"z":162.7566680908203},"rotation":{"x":-0.052772972732782367,"y":0.021566051989793779,"z":-0.001139876781962812,"w":-0.9983763694763184},"size":100.77999877929688,"orthographic":false}